GEOID,NAME,STUSPS,date,mort_adj
01,Alabama,AL,2000,12.802737000561299
01,Alabama,AL,2001,13.20609521728951
01,Alabama,AL,2002,12.72296153045174
01,Alabama,AL,2003,14.433247451810162
01,Alabama,AL,2004,14.787907199923016
01,Alabama,AL,2005,16.412078852379917
01,Alabama,AL,2006,16.202270002836478
01,Alabama,AL,2007,14.338175499268111
01,Alabama,AL,2008,10.173358263712945
01,Alabama,AL,2009,8.19682812176199
01,Alabama,AL,2010,7.313738921252764
01,Alabama,AL,2011,6.875512798662901
01,Alabama,AL,2012,7.474102235753116
01,Alabama,AL,2013,8.27885501779333
01,Alabama,AL,2014,8.051634512773918
01,Alabama,AL,2015,9.681134332330272
01,Alabama,AL,2016,10.684586087353889
01,Alabama,AL,2017,11.275138176818357
01,Alabama,AL,2018,11.652562296233484
01,Alabama,AL,2019,12.632526923073005
01,Alabama,AL,2020,14.0200246589883
01,Alabama,AL,2021,15.444382402908296
01,Alabama,AL,2022,13.007737830226553
01,Alabama,AL,2023,10.374930409664893
02,Alaska,AK,2000,14.332054595573306
02,Alaska,AK,2001,17.357987988272313
02,Alaska,AK,2002,18.681782304304438
02,Alaska,AK,2003,18.50669479684276
02,Alaska,AK,2004,19.718301313845586
02,Alaska,AK,2005,17.992461158774475
02,Alaska,AK,2006,17.76982742535932
02,Alaska,AK,2007,16.169337057180655
02,Alaska,AK,2008,13.091766006502244
02,Alaska,AK,2009,12.877470864722168
02,Alaska,AK,2010,9.804168732545078
02,Alaska,AK,2011,9.690606618130571
02,Alaska,AK,2012,10.946757707201598
02,Alaska,AK,2013,10.845604683132102
02,Alaska,AK,2014,12.21042634738663
02,Alaska,AK,2015,13.542245033381635
02,Alaska,AK,2016,12.11998788001212
02,Alaska,AK,2017,12.146027641659794
02,Alaska,AK,2018,12.217902213340864
02,Alaska,AK,2019,12.268215915147566
02,Alaska,AK,2020,12.309240957494824
02,Alaska,AK,2021,14.967554424068917
02,Alaska,AK,2022,12.273686851881148
02,Alaska,AK,2023,9.54450877140356
04,Arizona,AZ,2000,26.159819834414154
04,Arizona,AZ,2001,26.73757750341947
04,Arizona,AZ,2002,26.870487032210303
04,Arizona,AZ,2003,27.039955981129378
04,Arizona,AZ,2004,29.54495113937362
04,Arizona,AZ,2005,33.56694902293633
04,Arizona,AZ,2006,28.362249282277524
04,Arizona,AZ,2007,19.78053015387793
04,Arizona,AZ,2008,13.534251688039639
04,Arizona,AZ,2009,13.084973185263987
04,Arizona,AZ,2010,11.237108929100398
04,Arizona,AZ,2011,10.967934086114656
04,Arizona,AZ,2012,10.829206033118457
04,Arizona,AZ,2013,12.208558350126381
04,Arizona,AZ,2014,12.476100470037085
04,Arizona,AZ,2015,13.903503829317659
04,Arizona,AZ,2016,15.263291050657278
04,Arizona,AZ,2017,16.174599409087968
04,Arizona,AZ,2018,16.47072092066305
04,Arizona,AZ,2019,16.731023967466115
04,Arizona,AZ,2020,17.247417300318364
04,Arizona,AZ,2021,18.700617821661282
04,Arizona,AZ,2022,13.983765798261235
04,Arizona,AZ,2023,11.168908342824661
05,Arkansas,AR,2000,12.693254804396945
05,Arkansas,AR,2001,13.375088377754107
05,Arkansas,AR,2002,13.304128307969876
05,Arkansas,AR,2003,15.046887569656079
05,Arkansas,AR,2004,15.638149228675564
05,Arkansas,AR,2005,16.540235741507757
05,Arkansas,AR,2006,15.593099486455445
05,Arkansas,AR,2007,14.041739069383743
05,Arkansas,AR,2008,11.132161719696343
05,Arkansas,AR,2009,10.01089807076186
05,Arkansas,AR,2010,8.555789565906615
05,Arkansas,AR,2011,7.820368182934053
05,Arkansas,AR,2012,8.466322324405088
05,Arkansas,AR,2013,8.782421914980075
05,Arkansas,AR,2014,8.757868186673287
05,Arkansas,AR,2015,9.396818237344835
05,Arkansas,AR,2016,10.695848506675713
05,Arkansas,AR,2017,10.985883140164889
05,Arkansas,AR,2018,11.287577257656546
05,Arkansas,AR,2019,11.254607354885907
05,Arkansas,AR,2020,12.869070080995947
05,Arkansas,AR,2021,14.198715313446547
05,Arkansas,AR,2022,11.488955502947082
05,Arkansas,AR,2023,9.453237766532409
06,California,CA,2000,18.212322551589345
06,California,CA,2001,17.691693413510155
06,California,CA,2002,19.327914501106235
06,California,CA,2003,18.92029023555024
06,California,CA,2004,19.199104439080312
06,California,CA,2005,20.458891541722057
06,California,CA,2006,17.04551669319641
06,California,CA,2007,10.86887226981308
06,California,CA,2008,9.452431825223334
06,California,CA,2009,9.361160582620236
06,California,CA,2010,8.226251388347395
06,California,CA,2011,7.7318948714181905
06,California,CA,2012,8.11710751301287
06,California,CA,2013,8.208341724663567
06,California,CA,2014,8.007939314643753
06,California,CA,2015,8.636578335719015
06,California,CA,2016,9.19559349203327
06,California,CA,2017,9.304031734374469
06,California,CA,2018,9.128376234546325
06,California,CA,2019,9.102985703241146
06,California,CA,2020,9.220668583312602
06,California,CA,2021,11.419065394202997
06,California,CA,2022,7.607461931440836
06,California,CA,2023,5.620400750998461
08,Colorado,CO,2000,30.968903753962692
08,Colorado,CO,2001,30.051831500962447
08,Colorado,CO,2002,27.391732507038338
08,Colorado,CO,2003,26.055858461043844
08,Colorado,CO,2004,26.666590892747188
08,Colorado,CO,2005,27.20273029054243
08,Colorado,CO,2006,25.209605156148083
08,Colorado,CO,2007,20.816558656482652
08,Colorado,CO,2008,15.542780480721838
08,Colorado,CO,2009,13.4749341085778
08,Colorado,CO,2010,11.490748263658784
08,Colorado,CO,2011,11.519162810675725
08,Colorado,CO,2012,13.477971218755174
08,Colorado,CO,2013,16.12666374995399
08,Colorado,CO,2014,16.814142262963095
08,Colorado,CO,2015,17.60070168130703
08,Colorado,CO,2016,19.120307137069513
08,Colorado,CO,2017,18.86986928699131
08,Colorado,CO,2018,17.90367297361578
08,Colorado,CO,2019,18.58127292486254
08,Colorado,CO,2020,19.28467957902233
08,Colorado,CO,2021,21.164581984019534
08,Colorado,CO,2022,15.579420031264986
08,Colorado,CO,2023,11.56932834944816
09,Connecticut,CT,2000,17.293041133696605
09,Connecticut,CT,2001,17.186960631664498
09,Connecticut,CT,2002,17.347312568792937
09,Connecticut,CT,2003,18.080919865363157
09,Connecticut,CT,2004,17.734076944155394
09,Connecticut,CT,2005,18.534592392947047
09,Connecticut,CT,2006,15.920579054203886
09,Connecticut,CT,2007,13.608257944529338
09,Connecticut,CT,2008,9.307365595294874
09,Connecticut,CT,2009,8.141934697753134
09,Connecticut,CT,2010,7.543642064801003
09,Connecticut,CT,2011,6.687785206173271
09,Connecticut,CT,2012,7.788138164908819
09,Connecticut,CT,2013,8.621188322350125
09,Connecticut,CT,2014,8.343305901470563
09,Connecticut,CT,2015,9.195886596326494
09,Connecticut,CT,2016,10.056343457650224
09,Connecticut,CT,2017,10.908102314643372
09,Connecticut,CT,2018,10.071166781039684
09,Connecticut,CT,2019,10.936556196232104
09,Connecticut,CT,2020,13.213359775046767
09,Connecticut,CT,2021,14.429650044912286
09,Connecticut,CT,2022,12.469843761170901
09,Connecticut,CT,2023,8.846680393765745
10,Delaware,DE,2000,20.34657853207066
10,Delaware,DE,2001,18.85134956811558
10,Delaware,DE,2002,19.846955166968712
10,Delaware,DE,2003,20.78231986924253
10,Delaware,DE,2004,20.462131215221902
10,Delaware,DE,2005,22.48121635212684
10,Delaware,DE,2006,20.94806276970631
10,Delaware,DE,2007,18.35390691586684
10,Delaware,DE,2008,10.18244681934303
10,Delaware,DE,2009,8.971325401186457
10,Delaware,DE,2010,8.892376676629835
10,Delaware,DE,2011,8.81455282671691
10,Delaware,DE,2012,8.73822251446722
10,Delaware,DE,2013,9.739606216898867
10,Delaware,DE,2014,10.716608922005593
10,Delaware,DE,2015,11.676476676237838
10,Delaware,DE,2016,13.684368976903944
10,Delaware,DE,2017,15.658568055268482
10,Delaware,DE,2018,15.512133073418926
10,Delaware,DE,2019,14.334451420544136
10,Delaware,DE,2020,15.200509926439667
10,Delaware,DE,2021,19.90285416880208
10,Delaware,DE,2022,14.713686376793966
10,Delaware,DE,2023,11.629146517555165
11,District of Columbia,DC,2000,15.733000492967347
11,District of Columbia,DC,2001,17.40631919011878
11,District of Columbia,DC,2002,19.191915667233122
11,District of Columbia,DC,2003,19.349096397198252
11,District of Columbia,DC,2004,22.897240706362265
11,District of Columbia,DC,2005,22.922191502567284
11,District of Columbia,DC,2006,21.027509238961873
11,District of Columbia,DC,2007,19.15028446877111
11,District of Columbia,DC,2008,12.064056694172717
11,District of Columbia,DC,2009,10.131233241251682
11,District of Columbia,DC,2010,9.912734890513843
11,District of Columbia,DC,2011,9.672894936239501
11,District of Columbia,DC,2012,9.437865029092219
11,District of Columbia,DC,2013,10.74346298646784
11,District of Columbia,DC,2014,12.055400593427095
11,District of Columbia,DC,2015,11.816594634675205
11,District of Columbia,DC,2016,10.180692752510268
11,District of Columbia,DC,2017,11.476461061084898
11,District of Columbia,DC,2018,12.781422061018509
11,District of Columbia,DC,2019,12.707323512925466
11,District of Columbia,DC,2020,14.028865794258266
11,District of Columbia,DC,2021,16.441542097073857
11,District of Columbia,DC,2022,13.413836223021422
11,District of Columbia,DC,2023,8.83688870822361
12,Florida,FL,2000,23.866623586268652
12,Florida,FL,2001,24.760093039259235
12,Florida,FL,2002,25.285556015595557
12,Florida,FL,2003,26.05256325171275
12,Florida,FL,2004,28.193570740425184
12,Florida,FL,2005,32.1712127280527
12,Florida,FL,2006,27.1921765796095
12,Florida,FL,2007,16.76843692361901
12,Florida,FL,2008,9.49949277566273
12,Florida,FL,2009,8.148978772124746
12,Florida,FL,2010,7.428575703792547
12,Florida,FL,2011,7.241962956100008
12,Florida,FL,2012,7.719400916463856
12,Florida,FL,2013,9.05293141591223
12,Florida,FL,2014,10.224701670403972
12,Florida,FL,2015,11.672125446069314
12,Florida,FL,2016,13.089489396956074
12,Florida,FL,2017,13.776935398424444
12,Florida,FL,2018,14.302566849679929
12,Florida,FL,2019,15.028808784045603
12,Florida,FL,2020,15.828236395814868
12,Florida,FL,2021,18.551849074248988
12,Florida,FL,2022,14.789494028932836
12,Florida,FL,2023,12.295049703401828
13,Georgia,GA,2000,19.933628310516823
13,Georgia,GA,2001,20.17419522270282
13,Georgia,GA,2002,19.627994268155543
13,Georgia,GA,2003,19.36727461740065
13,Georgia,GA,2004,19.956092036128055
13,Georgia,GA,2005,22.40664885935593
13,Georgia,GA,2006,22.06248642256018
13,Georgia,GA,2007,17.219273436500668
13,Georgia,GA,2008,10.731371365103033
13,Georgia,GA,2009,8.938922834852569
13,Georgia,GA,2010,7.51631271526385
13,Georgia,GA,2011,7.140212349915286
13,Georgia,GA,2012,7.573019049676986
13,Georgia,GA,2013,8.420552885482888
13,Georgia,GA,2014,9.3335414514491
13,Georgia,GA,2015,11.194741064166193
13,Georgia,GA,2016,12.99905456130034
13,Georgia,GA,2017,13.727519866265158
13,Georgia,GA,2018,14.259383315894107
13,Georgia,GA,2019,14.20772636859923
13,Georgia,GA,2020,14.659173743608436
13,Georgia,GA,2021,16.866868049657175
13,Georgia,GA,2022,13.744885757091216
13,Georgia,GA,2023,10.698845893733079
15,Hawaii,HI,2000,12.360745896850398
15,Hawaii,HI,2001,14.68251508220577
15,Hawaii,HI,2002,14.52066088367902
15,Hawaii,HI,2003,16.784504545403685
15,Hawaii,HI,2004,15.703899827963777
15,Hawaii,HI,2005,17.79181870291453
15,Hawaii,HI,2006,15.270311231848373
15,Hawaii,HI,2007,12.161058012047048
15,Hawaii,HI,2008,9.007568609524153
15,Hawaii,HI,2009,6.682918534480518
15,Hawaii,HI,2010,6.598221119586159
15,Hawaii,HI,2011,7.248677478793994
15,Hawaii,HI,2012,6.450692696884101
15,Hawaii,HI,2013,7.807941670416844
15,Hawaii,HI,2014,7.065465066574345
15,Hawaii,HI,2015,9.135635372899067
15,Hawaii,HI,2016,9.098002988344058
15,Hawaii,HI,2017,9.11792492861717
15,Hawaii,HI,2018,9.134974162076928
15,Hawaii,HI,2019,9.183287828964795
15,Hawaii,HI,2020,8.528748278258941
15,Hawaii,HI,2021,11.05930900054951
15,Hawaii,HI,2022,8.336812794784489
15,Hawaii,HI,2023,4.877579717072505
16,Idaho,ID,2000,20.008773077426255
16,Idaho,ID,2001,20.45513431447269
16,Idaho,ID,2002,19.39760006923451
16,Idaho,ID,2003,21.2706655517904
16,Idaho,ID,2004,22.273283125042212
16,Idaho,ID,2005,26.60615400342099
16,Idaho,ID,2006,23.83110149393771
16,Idaho,ID,2007,19.2677587277964
16,Idaho,ID,2008,12.383335940351426
16,Idaho,ID,2009,11.579740343622362
16,Idaho,ID,2010,10.185769334340876
16,Idaho,ID,2011,10.099275881919267
16,Idaho,ID,2012,11.90543326378054
16,Idaho,ID,2013,13.647193981835583
16,Idaho,ID,2014,12.865691978179786
16,Idaho,ID,2015,16.338929921119277
16,Idaho,ID,2016,18.408157545325636
16,Idaho,ID,2017,19.18889137633777
16,Idaho,ID,2018,17.693316606490367
16,Idaho,ID,2019,17.886487876314938
16,Idaho,ID,2020,19.158000408339095
16,Idaho,ID,2021,18.90223188102935
16,Idaho,ID,2022,13.409001359466446
16,Idaho,ID,2023,10.688513309234978
17,Illinois,IL,2000,17.371497763299026
17,Illinois,IL,2001,18.17680263635705
17,Illinois,IL,2002,18.68180542244991
17,Illinois,IL,2003,19.831146942745967
17,Illinois,IL,2004,19.301380572945995
17,Illinois,IL,2005,20.856623560070208
17,Illinois,IL,2006,19.218670107573143
17,Illinois,IL,2007,14.49290658864862
17,Illinois,IL,2008,9.727750085941533
17,Illinois,IL,2009,8.127045729792297
17,Illinois,IL,2010,7.242683235018451
17,Illinois,IL,2011,6.7610714293208085
17,Illinois,IL,2012,8.072635713231724
17,Illinois,IL,2013,9.382915865952405
17,Illinois,IL,2014,9.545915543327126
17,Illinois,IL,2015,10.264716940709985
17,Illinois,IL,2016,11.152959406581447
17,Illinois,IL,2017,11.502443721555416
17,Illinois,IL,2018,11.473761432994214
17,Illinois,IL,2019,11.368106634734918
17,Illinois,IL,2020,12.23433032532991
17,Illinois,IL,2021,14.499216372515129
17,Illinois,IL,2022,11.285502143251964
17,Illinois,IL,2023,8.844840696849142
18,Indiana,IN,2000,16.743638156190567
18,Indiana,IN,2001,17.787902920479915
18,Indiana,IN,2002,18.19372975846037
18,Indiana,IN,2003,18.074317073225835
18,Indiana,IN,2004,17.808418954125997
18,Indiana,IN,2005,18.3161384610876
18,Indiana,IN,2006,17.686065701523322
18,Indiana,IN,2007,14.26421942821171
18,Indiana,IN,2008,10.11703699691477
18,Indiana,IN,2009,8.824451471322469
18,Indiana,IN,2010,8.011641531425278
18,Indiana,IN,2011,7.978825424834094
18,Indiana,IN,2012,9.022801537057182
18,Indiana,IN,2013,10.19697667251344
18,Indiana,IN,2014,10.006035458660746
18,Indiana,IN,2015,11.646475912516513
18,Indiana,IN,2016,12.353308231009274
18,Indiana,IN,2017,13.209111645212866
18,Indiana,IN,2018,13.585169533212083
18,Indiana,IN,2019,13.222384159286644
18,Indiana,IN,2020,13.91571488358246
18,Indiana,IN,2021,14.969624870006419
18,Indiana,IN,2022,13.172773808544564
18,Indiana,IN,2023,10.783715249295451
19,Iowa,IA,2000,12.973414401241078
19,Iowa,IA,2001,15.34790110631082
19,Iowa,IA,2002,15.677004628806019
19,Iowa,IA,2003,18.694771820112788
19,Iowa,IA,2004,15.912595835301246
19,Iowa,IA,2005,17.878503090282393
19,Iowa,IA,2006,17.76946896780172
19,Iowa,IA,2007,16.004203770857146
19,Iowa,IA,2008,11.933435297908268
19,Iowa,IA,2009,11.869944969616238
19,Iowa,IA,2010,9.833425057337063
19,Iowa,IA,2011,10.108348452379245
19,Iowa,IA,2012,11.700300697727933
19,Iowa,IA,2013,11.63566784693279
19,Iowa,IA,2014,11.573169920174061
19,Iowa,IA,2015,13.130331995640729
19,Iowa,IA,2016,14.043105952042794
19,Iowa,IA,2017,13.996095089470039
19,Iowa,IA,2018,13.651227023080097
19,Iowa,IA,2019,13.292838704695157
19,Iowa,IA,2020,14.540576268325472
19,Iowa,IA,2021,15.009643696074727
19,Iowa,IA,2022,11.563609383775256
19,Iowa,IA,2023,10.601795320492274
20,Kansas,KS,2000,15.220807512099613
20,Kansas,KS,2001,16.653331665533006
20,Kansas,KS,2002,16.58353402480528
20,Kansas,KS,2003,17.62759070497142
20,Kansas,KS,2004,16.822869447584512
20,Kansas,KS,2005,17.84869334815625
20,Kansas,KS,2006,16.648986167226035
20,Kansas,KS,2007,15.446595193235108
20,Kansas,KS,2008,12.10793440063588
20,Kansas,KS,2009,10.94360723887847
20,Kansas,KS,2010,9.09642419564869
20,Kansas,KS,2011,8.363310574674433
20,Kansas,KS,2012,9.701929020687285
20,Kansas,KS,2013,10.710685048505583
20,Kansas,KS,2014,9.993586874078392
20,Kansas,KS,2015,11.337412740572168
20,Kansas,KS,2016,11.671908154441315
20,Kansas,KS,2017,11.680268453793547
20,Kansas,KS,2018,11.6728257988676
20,Kansas,KS,2019,12.01661038887468
20,Kansas,KS,2020,13.041366872525787
20,Kansas,KS,2021,13.95532797403356
20,Kansas,KS,2022,11.577558061453677
20,Kansas,KS,2023,9.522041144739786
21,Kentucky,KY,2000,14.324450280697482
21,Kentucky,KY,2001,14.994597028808307
21,Kentucky,KY,2002,14.42586876127021
21,Kentucky,KY,2003,16.27331395108776
21,Kentucky,KY,2004,15.677379784042888
21,Kentucky,KY,2005,16.49635573984721
21,Kentucky,KY,2006,15.87964085466597
21,Kentucky,KY,2007,14.09551875267815
21,Kentucky,KY,2008,10.023595076596584
21,Kentucky,KY,2009,9.265534943343571
21,Kentucky,KY,2010,7.818852817914556
21,Kentucky,KY,2011,7.321285700133408
21,Kentucky,KY,2012,8.432346938659233
21,Kentucky,KY,2013,9.303579427380571
21,Kentucky,KY,2014,8.829538292122784
21,Kentucky,KY,2015,11.063130739563517
21,Kentucky,KY,2016,12.161324016858297
21,Kentucky,KY,2017,12.119607055406805
21,Kentucky,KY,2018,11.64803317359848
21,Kentucky,KY,2019,11.850606337391234
21,Kentucky,KY,2020,12.507674910341189
21,Kentucky,KY,2021,13.754547874700506
21,Kentucky,KY,2022,11.747591688290733
21,Kentucky,KY,2023,9.50033958190552
22,Louisiana,LA,2000,12.522683387430579
22,Louisiana,LA,2001,12.952572369706614
22,Louisiana,LA,2002,13.11907876494769
22,Louisiana,LA,2003,13.050088895436051
22,Louisiana,LA,2004,13.180330202419118
22,Louisiana,LA,2005,13.765593358254156
22,Louisiana,LA,2006,16.50140087596873
22,Louisiana,LA,2007,14.169546855606146
22,Louisiana,LA,2008,10.596119655892142
22,Louisiana,LA,2009,9.128052777065344
22,Louisiana,LA,2010,7.481348887204363
22,Louisiana,LA,2011,6.992634134019077
22,Louisiana,LA,2012,7.822571900843686
22,Louisiana,LA,2013,8.646704308652756
22,Louisiana,LA,2014,8.824913289845883
22,Louisiana,LA,2015,9.213631546445917
22,Louisiana,LA,2016,9.399006183264387
22,Louisiana,LA,2017,10.270294905099266
22,Louisiana,LA,2018,9.433052128332386
22,Louisiana,LA,2019,10.51889268260744
22,Louisiana,LA,2020,10.763525769387586
22,Louisiana,LA,2021,12.751113182986902
22,Louisiana,LA,2022,10.897940136742994
22,Louisiana,LA,2023,7.871004727194255
23,Maine,ME,2000,15.66082413520929
23,Maine,ME,2001,15.555825189858847
23,Maine,ME,2002,15.432575079477763
23,Maine,ME,2003,16.838714961121703
23,Maine,ME,2004,16.746746563872094
23,Maine,ME,2005,17.44026897444394
23,Maine,ME,2006,15.865592742322375
23,Maine,ME,2007,14.317578972751386
23,Maine,ME,2008,9.770696778450953
23,Maine,ME,2009,9.777450191412392
23,Maine,ME,2010,8.28530991954964
23,Maine,ME,2011,6.774695458620537
23,Maine,ME,2012,9.03550501696416
23,Maine,ME,2013,9.032451339550168
23,Maine,ME,2014,9.014307960310003
23,Maine,ME,2015,10.53345953421042
23,Maine,ME,2016,12.759429218192244
23,Maine,ME,2017,13.475646138516167
23,Maine,ME,2018,12.68540275780656
23,Maine,ME,2019,13.375242426268978
23,Maine,ME,2020,14.813267651304567
23,Maine,ME,2021,15.230778938298663
23,Maine,ME,2022,12.955810609081448
23,Maine,ME,2023,10.747125860307424
24,Maryland,MD,2000,19.958448769109744
24,Maryland,MD,2001,21.582636099452042
24,Maryland,MD,2002,21.68962550288224
24,Maryland,MD,2003,20.74134290006548
24,Maryland,MD,2004,21.092729588502483
24,Maryland,MD,2005,23.245920922026208
24,Maryland,MD,2006,20.96895404191694
24,Maryland,MD,2007,15.388947693143676
24,Maryland,MD,2008,10.202349530735898
24,Maryland,MD,2009,9.946970432019612
24,Maryland,MD,2010,8.98288828880124
24,Maryland,MD,2011,8.218838914353022
24,Maryland,MD,2012,8.66113316492241
24,Maryland,MD,2013,9.61993331192195
24,Maryland,MD,2014,9.899222558683933
24,Maryland,MD,2015,11.522030121592486
24,Maryland,MD,2016,12.485404562066943
24,Maryland,MD,2017,13.270990642956273
24,Maryland,MD,2018,13.074809591878921
24,Maryland,MD,2019,13.70778374203999
24,Maryland,MD,2020,14.36638780462109
24,Maryland,MD,2021,17.165866807448367
24,Maryland,MD,2022,13.46532378993381
24,Maryland,MD,2023,9.870146092724683
25,Massachusetts,MA,2000,16.03495242335293
25,Massachusetts,MA,2001,15.943394073496545
25,Massachusetts,MA,2002,16.82975425753825
25,Massachusetts,MA,2003,17.282814576419234
25,Massachusetts,MA,2004,17.15458196545036
25,Massachusetts,MA,2005,17.02249937141688
25,Massachusetts,MA,2006,14.820398609441
25,Massachusetts,MA,2007,12.127697188193407
25,Massachusetts,MA,2008,9.275051178959485
25,Massachusetts,MA,2009,8.898963470215246
25,Massachusetts,MA,2010,8.375923635942764
25,Massachusetts,MA,2011,7.559472639093541
25,Massachusetts,MA,2012,9.303345948370332
25,Massachusetts,MA,2013,9.82851036416418
25,Massachusetts,MA,2014,9.75629369636995
25,Massachusetts,MA,2015,10.297927880374562
25,Massachusetts,MA,2016,11.717697238138761
25,Massachusetts,MA,2017,11.510061833800535
25,Massachusetts,MA,2018,11.037335238725943
25,Massachusetts,MA,2019,11.022667099644766
25,Massachusetts,MA,2020,12.040198596548032
25,Massachusetts,MA,2021,13.014965350872739
25,Massachusetts,MA,2022,11.743241191853054
25,Massachusetts,MA,2023,8.141230059878033
26,Michigan,MI,2000,18.48791001210757
26,Michigan,MI,2001,18.116087085331774
26,Michigan,MI,2002,17.372707476554332
26,Michigan,MI,2003,17.52786931220641
26,Michigan,MI,2004,16.608132117193744
26,Michigan,MI,2005,16.615035691981912
26,Michigan,MI,2006,14.348230150792924
26,Michigan,MI,2007,11.29854926627421
26,Michigan,MI,2008,8.344317504699209
26,Michigan,MI,2009,7.675534164156043
26,Michigan,MI,2010,6.884265474689846
26,Michigan,MI,2011,6.98164828216544
26,Michigan,MI,2012,8.183232475834965
26,Michigan,MI,2013,9.480774300888712
26,Michigan,MI,2014,9.665694828037724
26,Michigan,MI,2015,10.97188449565015
26,Michigan,MI,2016,12.055313394447746
26,Michigan,MI,2017,12.629360737843339
26,Michigan,MI,2018,12.415785429595186
26,Michigan,MI,2019,12.418882911466886
26,Michigan,MI,2020,12.74261768484697
26,Michigan,MI,2021,14.245699666580894
26,Michigan,MI,2022,11.960195274108239
26,Michigan,MI,2023,9.564362229895188
27,Minnesota,MN,2000,18.64729294005382
27,Minnesota,MN,2001,19.66767252763308
27,Minnesota,MN,2002,20.123791202715317
27,Minnesota,MN,2003,21.568902154753115
27,Minnesota,MN,2004,20.244852647938277
27,Minnesota,MN,2005,20.90007848272462
27,Minnesota,MN,2006,18.204512201380638
27,Minnesota,MN,2007,14.595167501631876
27,Minnesota,MN,2008,11.435066546369766
27,Minnesota,MN,2009,11.361047852165502
27,Minnesota,MN,2010,9.414539890723553
27,Minnesota,MN,2011,9.35170257097007
27,Minnesota,MN,2012,10.785681078568109
27,Minnesota,MN,2013,12.37367310824083
27,Minnesota,MN,2014,12.28756947290912
27,Minnesota,MN,2015,13.858492392964116
27,Minnesota,MN,2016,14.840661965917151
27,Minnesota,MN,2017,14.723618821309673
27,Minnesota,MN,2018,14.619982092304861
27,Minnesota,MN,2019,14.184263871279224
27,Minnesota,MN,2020,14.494439261405798
27,Minnesota,MN,2021,15.739857235997121
27,Minnesota,MN,2022,12.59996850007875
27,Minnesota,MN,2023,9.93392199082768
28,Mississippi,MS,2000,10.532402409392375
28,Mississippi,MS,2001,10.164760248356638
28,Mississippi,MS,2002,9.794727008714858
28,Mississippi,MS,2003,10.110476126725406
28,Mississippi,MS,2004,11.076458717692221
28,Mississippi,MS,2005,11.7001606707358
28,Mississippi,MS,2006,12.736757386802928
28,Mississippi,MS,2007,11.269144740212065
28,Mississippi,MS,2008,7.802413048891277
28,Mississippi,MS,2009,5.745623018182531
28,Mississippi,MS,2010,5.722720716080677
28,Mississippi,MS,2011,5.370664824528632
28,Mississippi,MS,2012,5.360854171699448
28,Mississippi,MS,2013,6.354857234787559
28,Mississippi,MS,2014,6.350496608834811
28,Mississippi,MS,2015,6.688446477880806
28,Mississippi,MS,2016,8.025158873067065
28,Mississippi,MS,2017,8.693692458623039
28,Mississippi,MS,2018,9.051657811128107
28,Mississippi,MS,2019,8.730026287452231
28,Mississippi,MS,2020,10.449017893437546
28,Mississippi,MS,2021,11.866088144014983
28,Mississippi,MS,2022,10.54806378380144
28,Mississippi,MS,2023,7.823954226466057
29,Missouri,MO,2000,15.337190815162776
29,Missouri,MO,2001,16.663292645354435
29,Missouri,MO,2002,16.21195367258021
29,Missouri,MO,2003,18.040415083678628
29,Missouri,MO,2004,18.26804652471293
29,Missouri,MO,2005,18.651883322107665
29,Missouri,MO,2006,18.14228480511763
29,Missouri,MO,2007,15.456181555442171
29,Missouri,MO,2008,11.310086098452443
29,Missouri,MO,2009,10.233031285563978
29,Missouri,MO,2010,8.338768820809698
29,Missouri,MO,2011,7.818761767652352
29,Missouri,MO,2012,8.96112811973793
29,Missouri,MO,2013,9.928861363143305
29,Missouri,MO,2014,9.40729114575855
29,Missouri,MO,2015,11.192658406155566
29,Missouri,MO,2016,12.476639134882975
29,Missouri,MO,2017,12.92669972192869
29,Missouri,MO,2018,12.569405153717295
29,Missouri,MO,2019,12.865454219746843
29,Missouri,MO,2020,14.14278162179666
29,Missouri,MO,2021,15.071973535559243
29,Missouri,MO,2022,12.789032126048701
29,Missouri,MO,2023,10.328984615622977
30,Montana,MT,2000,13.277670388471442
30,Montana,MT,2001,15.436165391896674
30,Montana,MT,2002,15.356484330353078
30,Montana,MT,2003,17.39830149081696
30,Montana,MT,2004,16.128876172166077
30,Montana,MT,2005,17.019429806552903
30,Montana,MT,2006,17.8441720933943
30,Montana,MT,2007,14.512193352171543
30,Montana,MT,2008,11.26570157156537
30,Montana,MT,2009,11.179066283732832
30,Montana,MT,2010,9.084210632563867
30,Montana,MT,2011,9.022393580867714
30,Montana,MT,2012,9.958493001171119
30,Montana,MT,2013,11.832475807517172
30,Montana,MT,2014,10.756294632511194
30,Montana,MT,2015,12.603066423007384
30,Montana,MT,2016,12.47436757355319
30,Montana,MT,2017,13.284471780935265
30,Montana,MT,2018,13.184933764543453
30,Montana,MT,2019,13.082608260919539
30,Montana,MT,2020,15.732335594779455
30,Montana,MT,2021,15.3656204185595
30,Montana,MT,2022,11.577393091680486
30,Montana,MT,2023,8.827590103212184
31,Nebraska,NE,2000,15.170788064090743
31,Nebraska,NE,2001,16.862072895322576
31,Nebraska,NE,2002,16.77957197047721
31,Nebraska,NE,2003,17.2548360991877
31,Nebraska,NE,2004,16.577396434144863
31,Nebraska,NE,2005,16.463269593987388
31,Nebraska,NE,2006,16.35929063859337
31,Nebraska,NE,2007,15.699995514286996
31,Nebraska,NE,2008,12.246865637410389
31,Nebraska,NE,2009,12.688374084161433
31,Nebraska,NE,2010,10.931404887759069
31,Nebraska,NE,2011,9.777751703773234
31,Nebraska,NE,2012,11.328748966251657
31,Nebraska,NE,2013,12.863025394291924
31,Nebraska,NE,2014,11.170480144471544
31,Nebraska,NE,2015,13.213118618394034
31,Nebraska,NE,2016,13.113151284328262
31,Nebraska,NE,2017,12.519574876969093
31,Nebraska,NE,2018,12.983559697368804
31,Nebraska,NE,2019,12.9361353347432
31,Nebraska,NE,2020,13.418994690207025
31,Nebraska,NE,2021,14.254782861474567
31,Nebraska,NE,2022,10.670406390049084
31,Nebraska,NE,2023,9.603822119017641
32,Nevada,NV,2000,25.75862876911897
32,Nevada,NV,2001,29.069781295168365
32,Nevada,NV,2002,28.061575376841656
32,Nevada,NV,2003,31.127020477132756
32,Nevada,NV,2004,34.52358728202191
32,Nevada,NV,2005,37.41556314739717
32,Nevada,NV,2006,29.730546114455468
32,Nevada,NV,2007,18.069472894252833
32,Nevada,NV,2008,14.696849221632254
32,Nevada,NV,2009,14.154466199693443
32,Nevada,NV,2010,11.100902392355474
32,Nevada,NV,2011,11.425985048914272
32,Nevada,NV,2012,10.56593324516244
32,Nevada,NV,2013,11.523409085343808
32,Nevada,NV,2014,12.770780454320514
32,Nevada,NV,2015,13.944419634997844
32,Nevada,NV,2016,15.75582580221986
32,Nevada,NV,2017,17.159601453115428
32,Nevada,NV,2018,16.16774864100174
32,Nevada,NV,2019,16.500737194699962
32,Nevada,NV,2020,15.295104706144395
32,Nevada,NV,2021,17.479006124643746
32,Nevada,NV,2022,13.847708566161046
32,Nevada,NV,2023,11.270512332445051
33,New Hampshire,NH,2000,16.93709562684191
33,New Hampshire,NH,2001,16.72617734367595
33,New Hampshire,NH,2002,17.335269630419933
33,New Hampshire,NH,2003,20.315039379922492
33,New Hampshire,NH,2004,19.37802733231999
33,New Hampshire,NH,2005,18.482978716850006
33,New Hampshire,NH,2006,16.05027251069827
33,New Hampshire,NH,2007,12.19010468252396
33,New Hampshire,NH,2008,9.87912510468073
33,New Hampshire,NH,2009,9.117834331989465
33,New Hampshire,NH,2010,7.594127309469042
33,New Hampshire,NH,2011,8.33053124555074
33,New Hampshire,NH,2012,9.05881207267885
33,New Hampshire,NH,2013,9.79452591480872
33,New Hampshire,NH,2014,9.743250363310818
33,New Hampshire,NH,2015,11.962795705356342
33,New Hampshire,NH,2016,13.395907103849536
33,New Hampshire,NH,2017,14.06995730878743
33,New Hampshire,NH,2018,14.759450476139872
33,New Hampshire,NH,2019,13.227678476289018
33,New Hampshire,NH,2020,13.906424402115242
33,New Hampshire,NH,2021,14.414476747286836
33,New Hampshire,NH,2022,13.581100254967287
33,New Hampshire,NH,2023,9.272110774620664
34,New Jersey,NJ,2000,16.487516162806987
34,New Jersey,NJ,2001,17.073544942456856
34,New Jersey,NJ,2002,17.304592276329085
34,New Jersey,NJ,2003,18.136578199693492
34,New Jersey,NJ,2004,18.414369879371982
34,New Jersey,NJ,2005,19.30195351950896
34,New Jersey,NJ,2006,16.855854390355496
34,New Jersey,NJ,2007,13.59778333084617
34,New Jersey,NJ,2008,9.183695725793212
34,New Jersey,NJ,2009,7.766456264229462
34,New Jersey,NJ,2010,7.273181020043182
34,New Jersey,NJ,2011,6.116518314668136
34,New Jersey,NJ,2012,7.009078225948037
34,New Jersey,NJ,2013,8.015515328205435
34,New Jersey,NJ,2014,7.668645064319069
34,New Jersey,NJ,2015,8.455170460745913
34,New Jersey,NJ,2016,9.578993110337379
34,New Jersey,NJ,2017,10.688392079923972
34,New Jersey,NJ,2018,10.909013206653825
34,New Jersey,NJ,2019,10.90959232090667
34,New Jersey,NJ,2020,11.708585466650739
34,New Jersey,NJ,2021,13.593442782124622
34,New Jersey,NJ,2022,11.554056191802516
34,New Jersey,NJ,2023,8.502997737233907
35,New Mexico,NM,2000,14.825357291110715
35,New Mexico,NM,2001,15.286429472236023
35,New Mexico,NM,2002,15.630819448404553
35,New Mexico,NM,2003,17.575871843133747
35,New Mexico,NM,2004,16.808417655561904
35,New Mexico,NM,2005,18.630898102443027
35,New Mexico,NM,2006,18.347342718678664
35,New Mexico,NM,2007,15.074846613435708
35,New Mexico,NM,2008,10.444321323026942
35,New Mexico,NM,2009,8.83738330971788
35,New Mexico,NM,2010,7.26528058029249
35,New Mexico,NM,2011,6.728482193792783
35,New Mexico,NM,2012,7.663881324797685
35,New Mexico,NM,2013,8.122960599340702
35,New Mexico,NM,2014,8.133052918426436
35,New Mexico,NM,2015,8.612147625606976
35,New Mexico,NM,2016,9.557693824057193
35,New Mexico,NM,2017,10.034192706193105
35,New Mexico,NM,2018,11.462664668342125
35,New Mexico,NM,2019,11.430563612515323
35,New Mexico,NM,2020,11.869047376014743
35,New Mexico,NM,2021,13.698953683365218
35,New Mexico,NM,2022,10.882546099411584
35,New Mexico,NM,2023,8.513170110638105
36,New York,NY,2000,10.472703083605852
36,New York,NY,2001,10.323412062713105
36,New York,NY,2002,10.973048103752783
36,New York,NY,2003,11.733454095781177
36,New York,NY,2004,11.944772172248621
36,New York,NY,2005,12.491761448124432
36,New York,NY,2006,11.777249191570357
36,New York,NY,2007,9.878564221251615
36,New York,NY,2008,7.130797989385625
36,New York,NY,2009,6.059957530574557
36,New York,NY,2010,5.567022935515936
36,New York,NY,2011,5.076943645053741
36,New York,NY,2012,5.3641595061948895
36,New York,NY,2013,6.165137644595406
36,New York,NY,2014,5.546105410297062
36,New York,NY,2015,6.053724207891808
36,New York,NY,2016,6.824064564613732
36,New York,NY,2017,7.145099464633009
36,New York,NY,2018,7.060955179410173
36,New York,NY,2019,6.730674525080266
36,New York,NY,2020,7.395234862316241
36,New York,NY,2021,9.46887374697336
36,New York,NY,2022,8.84451944777667
36,New York,NY,2023,6.182548902428954
37,North Carolina,NC,2000,17.447009966078557
37,North Carolina,NC,2001,18.02652871662565
37,North Carolina,NC,2002,16.814391101055573
37,North Carolina,NC,2003,17.809436888164218
37,North Carolina,NC,2004,18.23889017756261
37,North Carolina,NC,2005,19.98757783524653
37,North Carolina,NC,2006,20.185550061846282
37,North Carolina,NC,2007,17.547636623979482
37,North Carolina,NC,2008,11.386280756250988
37,North Carolina,NC,2009,9.312597001809396
37,North Carolina,NC,2010,8.251009495345281
37,North Carolina,NC,2011,7.247192308285621
37,North Carolina,NC,2012,8.40869541141593
37,North Carolina,NC,2013,9.85099906902981
37,North Carolina,NC,2014,9.962469666040908
37,North Carolina,NC,2015,12.15476240528003
37,North Carolina,NC,2016,13.875491768093887
37,North Carolina,NC,2017,14.50014685048052
37,North Carolina,NC,2018,14.72377335089408
37,North Carolina,NC,2019,15.04563588951704
37,North Carolina,NC,2020,16.602484542945394
37,North Carolina,NC,2021,18.169601877525526
37,North Carolina,NC,2022,15.426378078088325
37,North Carolina,NC,2023,11.99761044515657
38,North Dakota,ND,2000,12.460612781785077
38,North Dakota,ND,2001,12.518347202618838
38,North Dakota,ND,2002,12.535883967857995
38,North Dakota,ND,2003,14.088541788963036
38,North Dakota,ND,2004,13.959873120264307
38,North Dakota,ND,2005,15.477743778333943
38,North Dakota,ND,2006,15.398308033913233
38,North Dakota,ND,2007,13.786300094053201
38,North Dakota,ND,2008,13.686776596828622
38,North Dakota,ND,2009,13.534485869996752
38,North Dakota,ND,2010,11.856207910461917
38,North Dakota,ND,2011,11.669871018750566
38,North Dakota,ND,2012,12.816368496227003
38,North Dakota,ND,2013,13.828408806483864
38,North Dakota,ND,2014,13.536635550453749
38,North Dakota,ND,2015,13.235619168882529
38,North Dakota,ND,2016,13.225518903234168
38,North Dakota,ND,2017,11.892884751339603
38,North Dakota,ND,2018,11.841139275480158
38,North Dakota,ND,2019,13.093735433219331
38,North Dakota,ND,2020,13.06661753618473
38,North Dakota,ND,2021,14.139144607458784
38,North Dakota,ND,2022,11.554578694383961
38,North Dakota,ND,2023,8.929414255937424
39,Ohio,OH,2000,16.368134480592893
39,Ohio,OH,2001,16.77291856862196
39,Ohio,OH,2002,16.392165106094563
39,Ohio,OH,2003,17.75284334086474
39,Ohio,OH,2004,16.503305769319937
39,Ohio,OH,2005,16.66183967646371
39,Ohio,OH,2006,16.026181205766324
39,Ohio,OH,2007,12.521229570831379
39,Ohio,OH,2008,9.205071716626904
39,Ohio,OH,2009,8.326903113706638
39,Ohio,OH,2010,7.366036281281715
39,Ohio,OH,2011,6.495905197893421
39,Ohio,OH,2012,7.704979953633336
39,Ohio,OH,2013,8.981240606399547
39,Ohio,OH,2014,8.615807611773088
39,Ohio,OH,2015,10.238924000941292
39,Ohio,OH,2016,11.511968151366917
39,Ohio,OH,2017,11.57238147438312
39,Ohio,OH,2018,11.985386047572394
39,Ohio,OH,2019,11.798394170156953
39,Ohio,OH,2020,12.314831752459567
39,Ohio,OH,2021,13.599397614682658
39,Ohio,OH,2022,11.905068642499888
39,Ohio,OH,2023,9.248311652830258
40,Oklahoma,OK,2000,14.184951503387744
40,Oklahoma,OK,2001,14.998125234345707
40,Oklahoma,OK,2002,14.903642220871978
40,Oklahoma,OK,2003,15.69235228931448
40,Oklahoma,OK,2004,16.16914399700672
40,Oklahoma,OK,2005,16.908090718669943
40,Oklahoma,OK,2006,17.25054186177864
40,Oklahoma,OK,2007,16.233994038547205
40,Oklahoma,OK,2008,12.810113775614777
40,Oklahoma,OK,2009,10.759710908087321
40,Oklahoma,OK,2010,9.308475979078802
40,Oklahoma,OK,2011,8.709826584713358
40,Oklahoma,OK,2012,10.21124179173256
40,Oklahoma,OK,2013,10.63859875642565
40,Oklahoma,OK,2014,10.053652994815668
40,Oklahoma,OK,2015,10.22882390517062
40,Oklahoma,OK,2016,10.437501893388301
40,Oklahoma,OK,2017,10.677236792130978
40,Oklahoma,OK,2018,10.65046983786942
40,Oklahoma,OK,2019,11.361696841650264
40,Oklahoma,OK,2020,11.8067224463127
40,Oklahoma,OK,2021,13.277770456910629
40,Oklahoma,OK,2022,11.94246419313353
40,Oklahoma,OK,2023,9.620545933913263
41,Oregon,OR,2000,18.077340694892975
41,Oregon,OR,2001,19.031487596227958
41,Oregon,OR,2002,18.785093971009474
41,Oregon,OR,2003,20.29669254119101
41,Oregon,OR,2004,19.890947181690915
41,Oregon,OR,2005,22.971314640033963
41,Oregon,OR,2006,20.158637581203216
41,Oregon,OR,2007,15.581274209740606
41,Oregon,OR,2008,9.817583982797471
41,Oregon,OR,2009,9.189728509163473
41,Oregon,OR,2010,7.817357347560229
41,Oregon,OR,2011,7.746589434891465
41,Oregon,OR,2012,9.230527816964786
41,Oregon,OR,2013,10.957898733725608
41,Oregon,OR,2014,11.095848715163765
41,Oregon,OR,2015,14.184248914158418
41,Oregon,OR,2016,14.658203671342552
41,Oregon,OR,2017,13.502780367150244
41,Oregon,OR,2018,14.102895683031923
41,Oregon,OR,2019,13.519552118584972
41,Oregon,OR,2020,14.38168085069764
41,Oregon,OR,2021,15.740761406472274
41,Oregon,OR,2022,11.322413023228167
41,Oregon,OR,2023,8.267668361617421
42,Pennsylvania,PA,2000,14.734406622244737
42,Pennsylvania,PA,2001,15.041910013602765
42,Pennsylvania,PA,2002,15.083896877722552
42,Pennsylvania,PA,2003,16.323683450484044
42,Pennsylvania,PA,2004,15.067616533510298
42,Pennsylvania,PA,2005,15.742984532517696
42,Pennsylvania,PA,2006,15.10693672967112
42,Pennsylvania,PA,2007,13.05323323413672
42,Pennsylvania,PA,2008,9.514532854276604
42,Pennsylvania,PA,2009,8.763025526930198
42,Pennsylvania,PA,2010,7.630941848604316
42,Pennsylvania,PA,2011,6.903556994982056
42,Pennsylvania,PA,2012,7.674763568335899
42,Pennsylvania,PA,2013,8.21625946102277
42,Pennsylvania,PA,2014,8.129832168995447
42,Pennsylvania,PA,2015,9.382448784730503
42,Pennsylvania,PA,2016,10.009017499203189
42,Pennsylvania,PA,2017,10.316788721311415
42,Pennsylvania,PA,2018,10.851654217581288
42,Pennsylvania,PA,2019,10.625927278185136
42,Pennsylvania,PA,2020,10.71714604121924
42,Pennsylvania,PA,2021,12.371659402222935
42,Pennsylvania,PA,2022,11.332020412129394
42,Pennsylvania,PA,2023,8.718003672825512
44,Rhode Island,RI,2000,15.234206888146645
44,Rhode Island,RI,2001,15.135147406876277
44,Rhode Island,RI,2002,15.009451263842701
44,Rhode Island,RI,2003,14.934540044168903
44,Rhode Island,RI,2004,15.820149100252284
44,Rhode Island,RI,2005,15.918855041033192
44,Rhode Island,RI,2006,15.050381150902647
44,Rhode Island,RI,2007,11.34950322278602
44,Rhode Island,RI,2008,8.530781429057548
44,Rhode Island,RI,2009,8.541768297891322
44,Rhode Island,RI,2010,6.641404030762984
44,Rhode Island,RI,2011,6.642443887955256
44,Rhode Island,RI,2012,7.5837075419023545
44,Rhode Island,RI,2013,9.473644321497593
44,Rhode Island,RI,2014,8.51860510680911
44,Rhode Island,RI,2015,9.46175841103014
44,Rhode Island,RI,2016,11.34412790126071
44,Rhode Island,RI,2017,13.25062419904709
44,Rhode Island,RI,2018,12.271815039203728
44,Rhode Island,RI,2019,12.285499896990808
44,Rhode Island,RI,2020,13.243466950455245
44,Rhode Island,RI,2021,13.672508777750634
44,Rhode Island,RI,2022,11.884714611433827
44,Rhode Island,RI,2023,9.124403948312077
45,South Carolina,SC,2000,16.64917674790885
45,South Carolina,SC,2001,16.974190620160666
45,South Carolina,SC,2002,16.310453661879425
45,South Carolina,SC,2003,17.589102659400037
45,South Carolina,SC,2004,18.52326367557121
45,South Carolina,SC,2005,20.37399154596443
45,South Carolina,SC,2006,21.111342366999114
45,South Carolina,SC,2007,17.32630380436128
45,South Carolina,SC,2008,11.702372887942493
45,South Carolina,SC,2009,9.150581977013738
45,South Carolina,SC,2010,7.981283243662537
45,South Carolina,SC,2011,7.490388226821796
45,South Carolina,SC,2012,8.26441552464099
45,South Carolina,SC,2013,9.86054876261652
45,South Carolina,SC,2014,10.151531285983554
45,South Carolina,SC,2015,12.254886942540512
45,South Carolina,SC,2016,13.7013047067407
45,South Carolina,SC,2017,15.118054099558751
45,South Carolina,SC,2018,15.319042630538867
45,South Carolina,SC,2019,15.898553270429352
45,South Carolina,SC,2020,17.247855516630768
45,South Carolina,SC,2021,19.446083135278506
45,South Carolina,SC,2022,16.278768227251604
45,South Carolina,SC,2023,12.65456480858575
46,South Dakota,SD,2000,11.90721894994205
46,South Dakota,SD,2001,15.831719377496796
46,South Dakota,SD,2002,13.157548485566169
46,South Dakota,SD,2003,15.712379652992096
46,South Dakota,SD,2004,15.57640486191517
46,South Dakota,SD,2005,16.763529780410654
46,South Dakota,SD,2006,16.60211000047252
46,South Dakota,SD,2007,16.421958432233524
46,South Dakota,SD,2008,12.513702504242145
46,South Dakota,SD,2009,11.15149052061353
46,South Dakota,SD,2010,9.80160329725935
46,South Dakota,SD,2011,9.71180226770583
46,South Dakota,SD,2012,11.99243517189357
46,South Dakota,SD,2013,13.052491186601975
46,South Dakota,SD,2014,10.59234761731025
46,South Dakota,SD,2015,12.870570037546964
46,South Dakota,SD,2016,13.89382569964096
46,South Dakota,SD,2017,12.589672805848933
46,South Dakota,SD,2018,12.508727680449768
46,South Dakota,SD,2019,11.272343193251926
46,South Dakota,SD,2020,12.321934050768608
46,South Dakota,SD,2021,13.388389365602327
46,South Dakota,SD,2022,12.089652466453963
46,South Dakota,SD,2023,8.702103080762043
47,Tennessee,TN,2000,16.30515107774419
47,Tennessee,TN,2001,16.519472371530238
47,Tennessee,TN,2002,16.045775664873105
47,Tennessee,TN,2003,17.442421199587127
47,Tennessee,TN,2004,18.102428956848378
47,Tennessee,TN,2005,20.029854498129463
47,Tennessee,TN,2006,19.70842696204781
47,Tennessee,TN,2007,17.163971140563696
47,Tennessee,TN,2008,11.524774022391036
47,Tennessee,TN,2009,9.990455150864594
47,Tennessee,TN,2010,8.496553703411744
47,Tennessee,TN,2011,7.65589352245786
47,Tennessee,TN,2012,8.984236073504682
47,Tennessee,TN,2013,10.15862383277797
47,Tennessee,TN,2014,10.543015733388218
47,Tennessee,TN,2015,12.281372614722423
47,Tennessee,TN,2016,13.681583250855438
47,Tennessee,TN,2017,14.445813900983328
47,Tennessee,TN,2018,14.163093927868543
47,Tennessee,TN,2019,14.640591772719453
47,Tennessee,TN,2020,15.101278758860747
47,Tennessee,TN,2021,16.226984786411954
47,Tennessee,TN,2022,13.618999412113192
47,Tennessee,TN,2023,11.366045748474459
48,Texas,TX,2000,16.949557972238914
48,Texas,TX,2001,17.120378588325813
48,Texas,TX,2002,17.288814252437437
48,Texas,TX,2003,17.021523057740954
48,Texas,TX,2004,17.415361232771797
48,Texas,TX,2005,18.263137836247527
48,Texas,TX,2006,19.135618020529478
48,Texas,TX,2007,16.490444794291772
48,Texas,TX,2008,12.299951470726588
48,Texas,TX,2009,9.999289969772711
48,Texas,TX,2010,8.676051566171909
48,Texas,TX,2011,7.837631110700729
48,Texas,TX,2012,9.047650447858697
48,Texas,TX,2013,10.309805501176262
48,Texas,TX,2014,10.495828890840858
48,Texas,TX,2015,10.921588780994513
48,Texas,TX,2016,11.535403802183732
48,Texas,TX,2017,11.805864644560055
48,Texas,TX,2018,11.947780235185416
48,Texas,TX,2019,12.419448663415485
48,Texas,TX,2020,13.078680970066204
48,Texas,TX,2021,14.444567803985253
48,Texas,TX,2022,12.420975290983824
48,Texas,TX,2023,10.556234553106236
49,Utah,UT,2000,19.157924564112665
49,Utah,UT,2001,20.580501507412265
49,Utah,UT,2002,20.21666240109428
49,Utah,UT,2003,21.60891507569264
49,Utah,UT,2004,22.485197245146946
49,Utah,UT,2005,26.447287098321656
49,Utah,UT,2006,27.32124678331915
49,Utah,UT,2007,21.55714992920786
49,Utah,UT,2008,14.269465334399287
49,Utah,UT,2009,12.484298241072533
49,Utah,UT,2010,10.809202089923193
49,Utah,UT,2011,10.302696784173069
49,Utah,UT,2012,11.912495016022305
49,Utah,UT,2013,13.453968282442261
49,Utah,UT,2014,13.95351844774254
49,Utah,UT,2015,16.087807251981314
49,Utah,UT,2016,17.738411643493404
49,Utah,UT,2017,17.39948574853232
49,Utah,UT,2018,17.431801247039367
49,Utah,UT,2019,17.4815187568892
49,Utah,UT,2020,19.385337115627998
49,Utah,UT,2021,17.96792366267739
49,Utah,UT,2022,14.195992234792248
49,Utah,UT,2023,10.82588639139266
50,Vermont,VT,2000,14.763343602058995
50,Vermont,VT,2001,16.333917543117458
50,Vermont,VT,2002,14.623636345910745
50,Vermont,VT,2003,19.42193837418954
50,Vermont,VT,2004,17.744225061298234
50,Vermont,VT,2005,16.09748637750215
50,Vermont,VT,2006,14.448732685601998
50,Vermont,VT,2007,12.831184911809663
50,Vermont,VT,2008,9.613058378501357
50,Vermont,VT,2009,9.602811703266717
50,Vermont,VT,2010,7.988675253959987
50,Vermont,VT,2011,7.9719769067772965
50,Vermont,VT,2012,9.57914046372619
50,Vermont,VT,2013,11.171347727348895
50,Vermont,VT,2014,9.589367309527196
50,Vermont,VT,2015,7.989645419536282
50,Vermont,VT,2016,11.211372816585145
50,Vermont,VT,2017,12.797297210829072
50,Vermont,VT,2018,11.203549284413302
50,Vermont,VT,2019,11.217121814738016
50,Vermont,VT,2020,12.83394321300977
50,Vermont,VT,2021,13.908356294999328
50,Vermont,VT,2022,10.817326266013506
50,Vermont,VT,2023,9.26692449309923
51,Virginia,VA,2000,18.717059558387163
51,Virginia,VA,2001,20.97699448846835
51,Virginia,VA,2002,20.722194554509183
51,Virginia,VA,2003,22.3972465232347
51,Virginia,VA,2004,22.74072562980105
51,Virginia,VA,2005,24.019727851204387
51,Virginia,VA,2006,20.850369279587163
51,Virginia,VA,2007,16.38498258289253
51,Virginia,VA,2008,12.765692354984289
51,Virginia,VA,2009,11.228956273561094
51,Virginia,VA,2010,9.845458701167148
51,Virginia,VA,2011,9.379893975108969
51,Virginia,VA,2012,10.015320998366281
51,Virginia,VA,2013,11.2647245393303
51,Virginia,VA,2014,10.462477586847582
51,Virginia,VA,2015,12.42933356184185
51,Virginia,VA,2016,13.305374622920336
51,Virginia,VA,2017,13.811810656366756
51,Virginia,VA,2018,14.09953330544759
51,Virginia,VA,2019,14.959139344616732
51,Virginia,VA,2020,15.365698383214232
51,Virginia,VA,2021,18.019374986427714
51,Virginia,VA,2022,14.171977989881208
51,Virginia,VA,2023,10.785137346429396
53,Washington,WA,2000,19.287669156242302
53,Washington,WA,2001,19.88064263592596
53,Washington,WA,2002,19.66178751423621
53,Washington,WA,2003,21.624756414320505
53,Washington,WA,2004,21.849450810007696
53,Washington,WA,2005,24.611234389245848
53,Washington,WA,2006,22.44632620351158
53,Washington,WA,2007,17.642724612390115
53,Washington,WA,2008,11.276652711554958
53,Washington,WA,2009,10.498804186203191
53,Washington,WA,2010,9.49131166812917
53,Washington,WA,2011,8.9344837237873609
53,Washington,WA,2012,9.857073878333848
53,Washington,WA,2013,11.62748634416326
53,Washington,WA,2014,11.760486776466161
53,Washington,WA,2015,13.812757881748004
53,Washington,WA,2016,15.753508820115615
53,Washington,WA,2017,15.885942166285156
53,Washington,WA,2018,14.880175394753117
53,Washington,WA,2019,14.841035436715199
53,Washington,WA,2020,14.817487546811563
53,Washington,WA,2021,16.4052314345419
53,Washington,WA,2022,11.561470346691241
53,Washington,WA,2023,8.703576658031354
54,West Virginia,WV,2000,10.514542996456598
54,West Virginia,WV,2001,12.212174316576194
54,West Virginia,WV,2002,10.523901996993487
54,West Virginia,WV,2003,12.691090578520605
54,West Virginia,WV,2004,12.111616251146474
54,West Virginia,WV,2005,13.183249363358916
54,West Virginia,WV,2006,12.582662622708314
54,West Virginia,WV,2007,10.904816221132226
54,West Virginia,WV,2008,8.694187392341508
54,West Virginia,WV,2009,8.11787149409425
54,West Virginia,WV,2010,6.471566901171084
54,West Virginia,WV,2011,6.463406883312884
54,West Virginia,WV,2012,6.998857571094933
54,West Virginia,WV,2013,7.548113834183035
54,West Virginia,WV,2014,7.565240744873604
54,West Virginia,WV,2015,9.764925688915506
54,West Virginia,WV,2016,9.277273136564189
54,West Virginia,WV,2017,9.347423382744546
54,West Virginia,WV,2018,9.967036794423775
54,West Virginia,WV,2019,10.58340755644159
54,West Virginia,WV,2020,11.205818957668338
54,West Virginia,WV,2021,12.323210935841443
54,West Virginia,WV,2022,10.710047997925631
54,West Virginia,WV,2023,9.039185433804633
55,Wisconsin,WI,2000,15.072574445957285
55,Wisconsin,WI,2001,18.12520633605427
55,Wisconsin,WI,2002,18.36492651641953
55,Wisconsin,WI,2003,20.440929091329522
55,Wisconsin,WI,2004,18.316924874855506
55,Wisconsin,WI,2005,18.210778400790744
55,Wisconsin,WI,2006,17.21153423795484
55,Wisconsin,WI,2007,14.61473682334437
55,Wisconsin,WI,2008,11.168240502209184
55,Wisconsin,WI,2009,10.054215150326392
55,Wisconsin,WI,2010,8.786515440192122
55,Wisconsin,WI,2011,7.711397445424337
55,Wisconsin,WI,2012,9.264398054476409
55,Wisconsin,WI,2013,10.282306833795397
55,Wisconsin,WI,2014,10.255164126949198
55,Wisconsin,WI,2015,11.452513627189795
55,Wisconsin,WI,2016,12.986630696585555
55,Wisconsin,WI,2017,12.946331242759765
55,Wisconsin,WI,2018,12.91029120624982
55,Wisconsin,WI,2019,12.704776532423534
55,Wisconsin,WI,2020,13.544432166826256
55,Wisconsin,WI,2021,14.45583639938789
55,Wisconsin,WI,2022,11.204400001833447
55,Wisconsin,WI,2023,9.30475701472943
56,Wyoming,WY,2000,14.161440420797087
56,Wyoming,WY,2001,18.19442563230683
56,Wyoming,WY,2002,17.99938802080729
56,Wyoming,WY,2003,19.86282731456561
56,Wyoming,WY,2004,19.642274889708627
56,Wyoming,WY,2005,21.39424339258242
56,Wyoming,WY,2006,21.045904945213685
56,Wyoming,WY,2007,20.565514250031782
56,Wyoming,WY,2008,16.482218433346826
56,Wyoming,WY,2009,14.28951631773454
56,Wyoming,WY,2010,12.399673357176134
56,Wyoming,WY,2011,12.334997383218411
56,Wyoming,WY,2012,13.873088981992732
56,Wyoming,WY,2013,13.731076859702723
56,Wyoming,WY,2014,15.43318374577088
56,Wyoming,WY,2015,15.348173311573035
56,Wyoming,WY,2016,13.669535560442416
56,Wyoming,WY,2017,13.793246137029003
56,Wyoming,WY,2018,15.542591882622345
56,Wyoming,WY,2019,15.514138551600023
56,Wyoming,WY,2020,15.45520737453806
56,Wyoming,WY,2021,17.254826174881114
56,Wyoming,WY,2022,13.754472352650916
56,Wyoming,WY,2023,10.272969932729168
